{
    "query13.sql": [
        12.884447288513183,
        12.400390672683717
    ],
    "query37.sql": [
        19.87873764038086,
        19.552345991134644
    ],
    "query40.sql": [
        13.951752996444702,
        12.817732572555542
    ],
    "query50.sql": [
        60.31196217536926,
        32.48466610908508
    ],
    "query82.sql": [
        22.26516499519348,
        21.029766845703126
    ],
    "query91.sql": [
        11.730260753631592,
        12.193317461013795
    ]
}