{
    "query15.sql": [
        7.953177070617675,
        5.4586046695709225
    ],
    "query19.sql": [
        7.726527404785156,
        6.7731279850006105
    ],
    "query22.sql": [
        38.06944732666015,
        1.7166736125946045
    ],
    "query45.sql": [
        6.94676513671875,
        4.166786527633667
    ],
    "query47.sql": [
        23.750122261047363,
        16.049891662597656
    ],
    "query78.sql": [
        209.50303688049317,
        49.15643334388733
    ]
}