{
    "query09.sql": [
        104.2405011177063,
        35.25093512535095
    ],
    "query23a.sql": [
        423.61547236442567,
        409.55723543167113
    ],
    "query28.sql": [
        131.73337788581847,
        37.586534357070924
    ],
    "query65.sql": [
        53.043311262130736,
        29.0017831325531
    ],
    "query81.sql": [
        10.838038110733033,
        10.583751153945922
    ],
    "query88.sql": [
        104.48249258995057,
        23.280676984786986
    ],
    "query95.sql": [
        28.174532079696654,
        11.872243785858155
    ]
}