{
    "query01.sql": 19.683978176116945,
    "query02.sql": 40.188294649124146,
    "query03.sql": 9.216187906265258,
    "query04.sql": 179.9696201324463,
    "query05.sql": 34.243280506134035,
    "query06.sql": 6.386740589141846,
    "query07.sql": 18.45887064933777,
    "query08.sql": 7.42486801147461,
    "query09.sql": 92.67948179244995,
    "query10.sql": 9.737971544265747,
    "query11.sql": 68.19330673217773,
    "query12.sql": 3.3162473678588866,
    "query13.sql": 16.773849534988404,
    "query14a.sql": 180.38958296775817,
    "query14b.sql": 167.94340028762818,
    "query15.sql": 7.897715473175049,
    "query16.sql": 52.519476079940794,
    "query17.sql": 16.839985609054565,
    "query18.sql": 20.60433702468872,
    "query19.sql": 7.118510150909424,
    "query20.sql": 4.103833436965942,
    "query21.sql": 4.109231662750244,
    "query22.sql": 16.230664777755738,
    "query23a.sql": 438.2021565914154,
    "query23b.sql": 453.0167682170868,
    "query24a.sql": 119.8485933303833,
    "query24b.sql": 112.52258348464966,
    "query25.sql": 15.783162021636963,
    "query26.sql": 13.528562211990357,
    "query27.sql": 15.462568378448486,
    "query28.sql": 139.17791500091553,
    "query29.sql": 54.129585361480714,
    "query30.sql": 12.995997190475464,
    "query31.sql": 21.13014793395996,
    "query32.sql": 4.5780988216400145,
    "query33.sql": 7.544371032714844,
    "query34.sql": 8.273121118545532,
    "query35.sql": 22.122320795059203,
    "query36.sql": 14.988444519042968,
    "query37.sql": 28.495146703720092,
    "query38.sql": 39.60124235153198,
    "query39a.sql": 10.852589321136474,
    "query39b.sql": 9.380031967163086,
    "query40.sql": 22.553251838684083,
    "query41.sql": 0.9521015644073486,
    "query42.sql": 3.5325904846191407,
    "query43.sql": 7.8566100120544435,
    "query44.sql": 64.69592881202698,
    "query45.sql": 7.378681707382202,
    "query46.sql": 14.866185522079467,
    "query47.sql": 21.173870372772218,
    "query48.sql": 14.014158773422242,
    "query49.sql": 30.055793046951294,
    "query50.sql": 182.49751181602477,
    "query51.sql": 29.935773277282713,
    "query52.sql": 3.3474473476409914,
    "query53.sql": 8.77686243057251,
    "query54.sql": 8.321812868118286,
    "query55.sql": 3.216351318359375,
    "query56.sql": 6.47818078994751,
    "query57.sql": 16.289111185073853,
    "query58.sql": 6.032236003875733,
    "query59.sql": 37.31868944168091,
    "query60.sql": 11.227452182769776,
    "query61.sql": 8.170398187637328,
    "query62.sql": 13.796695709228516,
    "query63.sql": 7.535901641845703,
    "query64.sql": 298.8244040489197,
    "query65.sql": 44.18654098510742,
    "query66.sql": 20.500175571441652,
    "query67.sql": 1395.0016426086427,
    "query68.sql": 9.34056282043457,
    "query69.sql": 8.851490545272828,
    "query70.sql": 14.314898824691772,
    "query71.sql": 8.801932573318481,
    "query72.sql": 45.903469228744505,
    "query73.sql": 4.30924654006958,
    "query74.sql": 59.953503131866455,
    "query75.sql": 123.42796716690063,
    "query76.sql": 73.50549192428589,
    "query77.sql": 7.4808403015136715,
    "query78.sql": 201.09959201812745,
    "query79.sql": 13.227541255950928,
    "query80.sql": 48.85672745704651,
    "query81.sql": 10.32677116394043,
    "query82.sql": 55.740564298629764,
    "query83.sql": 3.6665475368499756,
    "query84.sql": 12.06150574684143,
    "query85.sql": 15.563245677947998,
    "query86.sql": 6.568111896514893,
    "query87.sql": 40.208006381988525,
    "query88.sql": 113.96939001083373,
    "query89.sql": 8.494847202301026,
    "query90.sql": 18.19052596092224,
    "query91.sql": 2.0368178844451905,
    "query92.sql": 3.0423524379730225,
    "query93.sql": 302.5636462688446,
    "query94.sql": 28.029456901550294,
    "query95.sql": 22.307455158233644,
    "query96.sql": 27.08021354675293,
    "query97.sql": 47.27173810005188,
    "query98.sql": 4.89748797416687,
    "query99.sql": 20.49501528739929
}