{
    "query01.sql": [
        2.3736047744750977,
        2.3511757373809816
    ],
    "query02.sql": [
        3.9654900550842287,
        4.003668737411499
    ],
    "query03.sql": [
        1.1663992404937744,
        1.1007543087005616
    ],
    "query04.sql": [
        9.55333399772644,
        9.372615003585816
    ],
    "query05.sql": [
        4.494604396820068,
        4.540258836746216
    ],
    "query06.sql": [
        1.5125895977020263,
        1.5727468967437743
    ],
    "query07.sql": [
        1.347322702407837,
        1.3977359294891358
    ],
    "query08.sql": [
        1.5118155002593994,
        1.4779337406158448
    ],
    "query09.sql": [
        2.4520280361175537,
        2.3522796630859375
    ],
    "query10.sql": [
        2.5588358879089355,
        2.5134925842285156
    ],
    "query11.sql": [
        5.0287901878356935,
        5.292090177536011
    ],
    "query12.sql": [
        1.1142419815063476,
        1.166478443145752
    ],
    "query13.sql": [
        1.1736029624938964,
        1.2436502933502198
    ],
    "query14a.sql": [
        15.466781997680664,
        14.755842351913453
    ],
    "query14b.sql": [
        11.621139669418335,
        11.328904294967652
    ],
    "query15.sql": [
        1.1238905429840087,
        1.1281418323516845
    ],
    "query16.sql": [
        0.406841516494751,
        0.3994480609893799
    ],
    "query17.sql": [
        3.0558367729187013,
        2.761279821395874
    ],
    "query18.sql": [
        1.833815908432007,
        1.9095455646514892
    ],
    "query19.sql": [
        1.1976537227630615,
        1.2226781368255615
    ],
    "query20.sql": [
        1.1569355010986329,
        1.16993989944458
    ],
    "query21.sql": [
        0.8598576545715332,
        0.9105488300323487
    ],
    "query22.sql": [
        0.41703271865844727,
        0.425702428817749
    ],
    "query23a.sql": [
        5.360892820358276,
        5.366323947906494
    ],
    "query23b.sql": [
        5.208473539352417,
        5.157985877990723
    ],
    "query24a.sql": [
        2.9675347328186037,
        3.084361124038696
    ],
    "query24b.sql": [
        2.669204568862915,
        2.6956740856170653
    ],
    "query25.sql": [
        2.4503275871276857,
        2.4150764465332033
    ],
    "query26.sql": [
        1.2062917232513428,
        1.187959575653076
    ],
    "query27.sql": [
        0.7058650970458984,
        0.6897009372711181
    ],
    "query28.sql": [
        3.1845678329467773,
        3.170788860321045
    ],
    "query29.sql": [
        3.596538019180298,
        3.7520001888275147
    ],
    "query30.sql": [
        2.1156679153442384,
        2.1066880226135254
    ],
    "query31.sql": [
        3.6710665225982666,
        3.7203927516937254
    ],
    "query32.sql": [
        1.5357910633087157,
        1.6938155174255372
    ],
    "query33.sql": [
        2.252207708358765,
        2.2333945274353026
    ],
    "query34.sql": [
        0.6382440567016602,
        0.6236783027648926
    ],
    "query35.sql": [
        2.782370615005493,
        2.6833251476287843
    ],
    "query36.sql": [
        0.6490105628967285,
        0.6385840892791748
    ],
    "query37.sql": [
        0.34473280906677245,
        0.3405754089355469
    ],
    "query38.sql": [
        2.567656135559082,
        2.640555477142334
    ],
    "query39a.sql": [
        1.7129499435424804,
        1.7477997303009034
    ],
    "query39b.sql": [
        1.5660319805145264,
        1.6272725105285644
    ],
    "query40.sql": [
        2.2666370391845705,
        2.303669548034668
    ],
    "query41.sql": [
        0.5888391971588135,
        0.6015553951263428
    ],
    "query42.sql": [
        0.8462344169616699,
        0.8513243675231934
    ],
    "query43.sql": [
        0.5857476711273193,
        0.5799248695373536
    ],
    "query44.sql": [
        0.8278034210205079,
        0.810144567489624
    ],
    "query45.sql": [
        1.2503820419311524,
        1.1432601451873778
    ],
    "query46.sql": [
        0.6854763507843018,
        0.6697300434112549
    ],
    "query47.sql": [
        3.372715377807617,
        3.4765419483184816
    ],
    "query48.sql": [
        1.0442846298217774,
        1.032249355316162
    ],
    "query49.sql": [
        3.43902907371521,
        3.435826301574707
    ],
    "query50.sql": [
        1.8637209415435791,
        1.8453739643096925
    ],
    "query51.sql": [
        2.714486312866211,
        2.8521496295928954
    ],
    "query52.sql": [
        0.8924061775207519,
        0.9014649391174316
    ],
    "query53.sql": [
        1.119399642944336,
        1.196881151199341
    ],
    "query54.sql": [
        2.1505686759948732,
        2.1308775424957274
    ],
    "query55.sql": [
        0.9435556888580322,
        0.8459673404693604
    ],
    "query56.sql": [
        2.095598602294922,
        2.0902249813079834
    ],
    "query57.sql": [
        3.1352920532226562,
        3.394118309020996
    ],
    "query58.sql": [
        2.2681244373321534,
        2.3426522731781008
    ],
    "query59.sql": [
        2.2068787574768067,
        2.295872688293457
    ],
    "query60.sql": [
        2.028686761856079,
        2.0885327816009522
    ],
    "query61.sql": [
        1.234798526763916,
        1.2471452236175538
    ],
    "query62.sql": [
        1.4774903297424316,
        1.4365134716033936
    ],
    "query63.sql": [
        1.041824960708618,
        1.1473021984100342
    ],
    "query64.sql": [
        5.549773406982422,
        5.418222856521607
    ],
    "query65.sql": [
        2.063879108428955,
        2.099405574798584
    ],
    "query66.sql": [
        2.949706697463989,
        2.949801206588745
    ],
    "query67.sql": [
        3.253930759429932,
        3.3310410022735595
    ],
    "query68.sql": [
        0.6653884410858154,
        0.6891598224639892
    ],
    "query69.sql": [
        2.4226212024688722,
        2.419736385345459
    ],
    "query70.sql": [
        2.158557891845703,
        2.0030696392059326
    ],
    "query71.sql": [
        2.045270538330078,
        1.989135503768921
    ],
    "query72.sql": [
        3.0274141788482667,
        2.9009087085723877
    ],
    "query73.sql": [
        0.6258990287780761,
        0.6247147560119629
    ],
    "query74.sql": [
        4.78741421699524,
        3.413018560409546
    ],
    "query75.sql": [
        6.4606523513793945,
        6.401127624511719
    ],
    "query76.sql": [
        2.5659939289093017,
        2.5784455299377442
    ],
    "query77.sql": [
        3.687556838989258,
        3.7470412731170653
    ],
    "query78.sql": [
        5.404626798629761,
        5.443987846374512
    ],
    "query79.sql": [
        1.15324125289917,
        1.2344656467437745
    ],
    "query80.sql": [
        4.173892259597778,
        4.103487396240235
    ],
    "query81.sql": [
        1.9493676662445067,
        1.9863422393798829
    ],
    "query82.sql": [
        2.690949821472168,
        0.6386039733886719
    ],
    "query83.sql": [
        2.292840003967285,
        2.2560720443725586
    ],
    "query84.sql": [
        1.5018967628479003,
        1.565083122253418
    ],
    "query85.sql": [
        2.769795370101929,
        2.4049697399139403
    ],
    "query86.sql": [
        1.285985040664673,
        1.3333274364471435
    ],
    "query87.sql": [
        2.5958759784698486,
        2.5431742668151855
    ],
    "query88.sql": [
        3.9957025051116943,
        4.050207996368409
    ],
    "query89.sql": [
        1.2883571624755858,
        1.3005781650543213
    ],
    "query90.sql": [
        1.5570806026458741,
        1.5226889610290528
    ],
    "query91.sql": [
        1.2360781192779542,
        1.2370378017425536
    ],
    "query92.sql": [
        1.6191142082214356,
        1.5783652305603026
    ],
    "query93.sql": [
        3.382198190689087,
        2.6185588359832765
    ],