{
    "query01.sql": 11.854333066940308,
    "query02.sql": 25.033081531524658,
    "query03.sql": 5.467523813247681,
    "query04.sql": 80.8749608039856,
    "query05.sql": 18.88557062149048,
    "query06.sql": 6.800116968154907,
    "query07.sql": 8.591337633132934,
    "query08.sql": 7.372482395172119,
    "query09.sql": 38.88675961494446,
    "query10.sql": 6.077343845367432,
    "query11.sql": 32.503562688827515,
    "query12.sql": 2.6383792877197267,
    "query13.sql": 7.124624156951905,
    "query14a.sql": 81.99833536148071,
    "query14b.sql": 72.73333630561828,
    "query15.sql": 11.3541916847229,
    "query16.sql": 24.895385408401488,
    "query17.sql": 10.65746021270752,
    "query18.sql": 13.55213303565979,
    "query19.sql": 11.936979341506959,
    "query20.sql": 2.584589385986328,
    "query21.sql": 2.031337833404541,
    "query22.sql": 12.088190650939941,
    "query23a.sql": 82.99867920875549,
    "query23b.sql": 83.14766921997071,
    "query24a.sql": 107.25679244995118,
    "query24b.sql": 107.80140891075135,
    "query25.sql": 8.688475322723388,
    "query26.sql": 6.792421913146972,
    "query27.sql": 7.013359642028808,
    "query28.sql": 47.91692280769348,
    "query29.sql": 19.326466226577757,
    "query30.sql": 11.48720555305481,
    "query31.sql": 11.261797952651978,
    "query32.sql": 3.290177011489868,
    "query33.sql": 5.079725027084351,
    "query34.sql": 4.052277851104736,
    "query35.sql": 11.796894311904907,
    "query36.sql": 6.554170179367065,
    "query37.sql": 13.935704469680786,
    "query38.sql": 20.663887548446656,
    "query39a.sql": 7.918033838272095,
    "query39b.sql": 7.510817337036133,
    "query40.sql": 11.754538440704346,
    "query41.sql": 0.8078888416290283,
    "query42.sql": 2.2532044887542724,
    "query43.sql": 3.872283363342285,
    "query44.sql": 23.89357419013977,
    "query45.sql": 11.568099784851075,
    "query46.sql": 9.854870891571045,
    "query47.sql": 10.02996392250061,
    "query48.sql": 5.8309166431427,
    "query49.sql": 16.612861108779907,
    "query50.sql": 45.039614629745486,
    "query51.sql": 19.28826422691345,
    "query52.sql": 2.059360218048096,
    "query53.sql": 3.6809534549713137,
    "query54.sql": 13.368262672424317,
    "query55.sql": 2.1177353382110597,
    "query56.sql": 3.545912170410156,
    "query57.sql": 9.891682434082032,
    "query58.sql": 3.5700123786926268,
    "query59.sql": 14.755658721923828,
    "query60.sql": 5.203160905838013,
    "query61.sql": 10.59448800086975,
    "query62.sql": 9.249455833435059,
    "query63.sql": 2.873782730102539,
    "query64.sql": 56.54009375572205,
    "query65.sql": 17.676843643188477,
    "query66.sql": 11.667220640182496,
    "query67.sql": 643.8856977462768,
    "query68.sql": 8.850587224960327,
    "query69.sql": 5.677128028869629,
    "query70.sql": 6.399779605865478,
    "query71.sql": 5.133909463882446,
    "query72.sql": 21.32376046180725,
    "query73.sql": 2.534750986099243,
    "query74.sql": 26.90492191314697,
    "query75.sql": 49.39339337348938,
    "query76.sql": 34.80334544181824,
    "query77.sql": 5.286912727355957,
    "query78.sql": 68.88139605522156,
    "query79.sql": 6.870291757583618,
    "query80.sql": 20.158892965316774,
    "query81.sql": 10.889965200424195,
    "query82.sql": 18.955690574645995,
    "query83.sql": 3.2822489738464355,
    "query84.sql": 6.962224769592285,
    "query85.sql": 9.636993455886842,
    "query86.sql": 4.450026035308838,
    "query87.sql": 20.57490038871765,
    "query88.sql": 37.748177671432494,
    "query89.sql": 4.12926664352417,
    "query90.sql": 11.967380952835082,
    "query91.sql": 11.984988927841187,
    "query92.sql": 2.300973987579346,
    "query93.sql": 81.2368236541748,
    "query94.sql": 13.903778743743896,
    "query95.sql": 12.629298830032349,
    "query96.sql": 11.033940696716309,
    "query97.sql": 18.141734409332276,
    "query98.sql": 3.7462230205535887,
    "query99.sql": 13.45608286857605
}