{
    "query01.sql": [
        17.086244964599608,
        8.686640977859497
    ],
    "query09.sql": [
        142.740660572052,
        35.97784819602966
    ],
    "query23a.sql": [
        700.2440856456757,
        721.3778648853302
    ],
    "query23b.sql": [
        848.6916310310364,
        945.8102145195007
    ],
    "query28.sql": [
        195.48213229179382,
        47.068794298171994
    ],
    "query30.sql": [
        15.617119550704956,
        14.612063026428222
    ],
    "query65.sql": [
        91.29663586616516,
        36.53999848365784
    ],
    "query81.sql": [
        10.868093919754028,
        10.085307788848876
    ],
    "query88.sql": [
        164.47146339416503,
        26.625965690612794
    ],
    "query95.sql": [
        29.890973997116088,
        14.3130051612854
    ]
}