{
    "01.sql": 41.71466879844665,
    "02.sql": 29.128170108795167,
    "03.sql": 74.61694889068603,
    "04.sql": 46.23043975830078,
    "05.sql": 103.7130295753479,
    "06.sql": 27.27330961227417,
    "07.sql": 62.13255815505981,
    "08.sql": 93.32754979133605,
    "09.sql": 182.94066257476806,
    "10.sql": 63.66928539276123,
    "11.sql": 32.35802698135376,
    "12.sql": 41.8604296207428,
    "13.sql": 39.29534916877746,
    "14.sql": 36.89819254875183,
    "15.sql": 57.674043369293216,
    "16.sql": 16.789845323562623,
    "17.sql": 134.4427486896515,
    "18.sql": 107.91830501556396,
    "19.sql": 34.48781318664551,
    "20.sql": 43.3903742313385,
    "21.sql": 182.32416558265686,
    "22.sql": 18.40281844139099
}