{
    "10.sql": [
        71.41450400352478,
        69.93172807693482
    ],
    "11.sql": [
        31.85785756111145,
        30.609428930282593
    ],
    "17.sql": [
        125.24475975036621,
        91.24029097557067
    ],
    "18.sql": [
        85.48790769577026,
        81.09604387283325
    ],
    "19.sql": [
        24.91440930366516,
        26.854436016082765
    ]
}